B_1001,Turin,Italy,120,Residential,1985,C
B_1002,Lyon,France,200,Commercial,2010,A
B_1003,Turin,Italy,50,Residential,1950,F
B_1004,Paris,France,300,Commercial,2015,B
B_1005,Berlin,Germany,150,Industrial,1990,D
B_1006,Munich,Germany,100,Residential,1980,E
B_1007,Rome,Italy,250,Commercial,2005,A
B_1008,Madrid,Spain,180,Residential,1995,C
B_1009,Barcelona,Spain,220,Commercial,2012,B
B_1010,Lisbon,Portugal,130,Residential,1988,F
B_1011,Vienna,Austria,170,Industrial,2000,D
B_1012,Zurich,Switzerland,140,Residential,1992,E
B_1013,Amsterdam,Netherlands,160,Commercial,2018,A
B_1014,Brussels,Belgium,190,Residential,1983,C
B_1015,Warsaw,Poland,210,Industrial,1997,B
B_1016,Prague,Czech Republic,230,Commercial,2011,A
B_1017,Budapest,Hungary,110,Residential,1986,F
B_1018,Athens,Greece,240,Commercial,2003,D
B_1019,Oslo,Norway,200,Residential,1991,E
B_1020,Stockholm,Sweden,260,Industrial,2016,B
